owner_type_or_area,total_entries,entries_still_pending_exact_final_name,missing_percent_within_area,missing_percent_of_total_eventscripts
family_romance_general,936,936,100.000,72.671
animal_livestock,181,174,96.133,13.509
farm_crop_weather,33,33,100.000,2.562
festival_event,31,30,96.774,2.329
shipping_or_status,31,31,100.000,2.407
bachelorette_exact,25,0,0.000,0.000
object_visual_setup,16,16,100.000,1.242
family_child,9,0,0.000,0.000
wife_family,8,0,0.000,0.000
weather_farm_warning,5,0,0.000,0.000
sign_manual_bookshelf,5,0,0.000,0.000
carpenter_house_upgrade,3,0,0.000,0.000
church_priest,3,0,0.000,0.000
romance_marriage_item,1,0,0.000,0.000
romance_general,1,0,0.000,0.000
